
{
  "DetectorPlaneXZ": false,
  "nOpDet": 100,
  "vuv_absorption_length": 2000,
  "geometry_file": "positions_10_10.txt",
  "anode_centre": [0,0,0],
  "GH_params" : [[9.14657e-1, 8.93144e-1, 8.42418e-1, 7.67592e-1, 6.67879e-1, 5.32781e-1, 3.84037e-1, 2.55634e-1, 1.86579e-1],
   [7.16856e1, 7.71454e1, 7.67099e1, 8.42935e1, 8.87769e1, 1.07528e2, 1.34333e2, 1.73151e2, 8.95509e1],
  [1.34438e1, 1.24574e1, 1.45228e1, 1.35663e1, 1.59307e1, 1.87365e1, 4.42422e1, 4.94765e1, 1.65008e2],
  [-1500, -1500, -1500, -1500, -1500, -1500, -700, -700, -150]],
  "StepSize": 1,
  "max_d": 2500,
  "min_d": 25,
  "inflexion_point_distance": 125,
  "VUVGroupMean": 1.35,
  "VUVGroupMax": 18,
  "angle_bin_timing": 45,
  "tau_fast":6,
  "tau_slow":1300,
  "scint_ratio": 0.3,
  "Distances_exp": [[0, 25, 50, 75, 100, 125, 150, 175, 200, 225, 250, 275, 300, 325, 350, 375]],
  "Distances_landau": [[0,25, 50, 75, 100, 125, 150, 175, 200, 225, 250, 275, 300, 325, 350, 375, 400, 425, 450, 475, 500, 525, 550]],
  "Expo_over_Landau_norm":  [ [ 1.49644e-2, 1.49644e-2, 3.37403e-2, 9.67895e-2, 1.52669e-1, 1.81732e-1, 2.3025e-1, 2.90033e-1, 3.38948e-1, 3.72986e-1, 4.04828e-1, 4.41243e-1, 4.41243e-1, 4.41243e-1, 4.41243e-1, 4.41243e-1 ], [ 2.52807e-2, 2.52807e-2, 6.38727e-2, 1.13343e-1, 1.65669e-1, 2.16794e-1, 2.74868e-1, 3.25299e-1, 3.8959e-1, 4.66117e-1, 5.15046e-1, 5.78897e-1, 6.21872e-1, 6.89713e-1, 7.42833e-1, 7.73619e-1 ] ],
  "Mpv": [ [ 2.73373, 2.73373, 3.599, 5.80141, 7.57883, 9.56959, 1.16047e1, 1.36676e1, 1.56126e1, 1.75389e1, 1.9492e1, 2.13254e1, 2.13254e1, 2.13254e1, 2.13254e1, 2.13254e1, 2.13254e1, 2.13254e1, 2.13254e1, 2.13254e1, 2.13254e1, 2.13254e1, 2.13254e1 ], [ 2.19076, 2.19076, 4.0163, 5.86531, 8.09466, 1.04547e1, 1.29261e1, 1.52731e1, 1.77939e1, 2.06664e1, 2.299e1, 2.57017e1, 2.79139e1, 3.09469e1, 3.36378e1, 3.61413e1, 3.98435e1, 4.21625e1, 4.46396e1, 4.65133e1, 4.86331e1, 5.06754e1, 5.33949e1 ] ],
  "Norm_over_entries": [ [ 4.64837, 4.64837, 2.86581, 1.4143, 9.74871e-1, 7.1311e-1, 5.5772e-1, 4.61078e-1, 4.11807e-1, 3.64951e-1, 3.25477e-1, 2.97132e-1, 2.97132e-1, 2.97132e-1, 2.97132e-1, 2.97132e-1, 2.97132e-1, 2.97132e-1, 2.97132e-1, 2.97132e-1, 2.97132e-1, 2.97132e-1, 2.97132e-1 ], [ 3.43562, 3.43562, 1.61042, 9.81127e-1, 6.4465e-1, 4.76552e-1, 3.69063e-1, 3.10461e-1, 2.64819e-1, 2.31387e-1, 2.15373e-1, 1.99128e-1, 1.89638e-1, 1.70387e-1, 1.59308e-1, 1.51498e-1, 1.40134e-1, 1.35217e-1, 1.31114e-1, 1.29511e-1, 1.26329e-1, 1.2452e-1, 1.24595e-1 ] ],
  "Slope": [ [ -1.81318e-1, -1.81318e-1, -1.48935e-1, -1.26243e-1, -1.0837e-1, -8.60558e-2, -7.59728e-2, -7.06126e-2, -6.72814e-2, -6.22897e-2, -5.77351e-2, -5.46709e-2, -5.46709e-2, -5.46709e-2, -5.46709e-2, -5.46709e-2 ], [ -1.69274e-1, -1.69274e-1, -1.19906e-1, -9.83691e-2, -7.81793e-2, -6.59805e-2, -5.87059e-2, -5.45288e-2, -5.14041e-2, -4.89773e-2, -4.7259e-2, -4.54668e-2, -4.39597e-2, -4.15122e-2, -3.96851e-2, -3.78005e-2 ] ],
  "Width": [ [ 1.98303e-1, 1.98303e-1, 3.47397e-1, 5.62874e-1, 7.50881e-1, 9.98318e-1, 1.2622, 1.55553, 1.79799, 2.05579, 2.3295, 2.57611, 2.57611, 2.57611, 2.57611, 2.57611, 2.57611, 2.57611, 2.57611, 2.57611, 2.57611, 2.57611, 2.57611 ], [ 3.05766e-1, 3.05766e-1, 5.08544e-1, 7.47765e-1, 1.12059, 1.57047, 2.07501, 2.54661, 3.09789, 3.79078, 4.19731, 4.74438, 5.09894, 5.83702, 6.36225, 6.80253, 8.278, 8.717, 9.2568, 9.7239, 1.05865e1, 1.13262e1, 1.18423e1 ] ],
  "fWion": 0.0000236016,
  "fWph": 1.94e-5,
  "fRecombA": 8e-1,
  "fRecombk": 4.86e-2,
  "fLarqlChi0A": 3.38427e-3,
  "fLarqlChi0B": -6.57037,
  "fLarqlChi0C": 1.88418,
  "fLarqlChi0D": 1.29379e-4,
  "fLarqlAlpha": 3.72e-2,
  "fLarqlBeta": 1.24e-2,
  "EF":0.5
}


