{
  "DetectorPlaneXZ": true,
  "nOpDet": 11250,
  "vuv_absorption_length": 2000,
  "geometry_file": "positions_125_90.txt",
  "anode_centre": [0,325,0],
  "GH_params" : [[1.13094, 1.10036, 1.04383, 0.95909, 0.85139,  0.738248, 0.60223, 0.444175, 0.269998],
  [113.338, 113.942, 117.982, 119.369, 132.41,169.647, 187.901, 198.22, 160.009],
  [200, 200, 200, 200, 200, 200, 200, 200, 200],
  [-437.08, -461.462, -455.72, -477.608, -454.81,  -285, -220, -220, -364.811]],
  "GH_border" : [[-1.39552e-06, -6.17349e-07, -2.54677e-06, -3.6613e-06, -9.30625e-06, -1.56132e-05, -1.55274e-05, -1.20889e-05, -9.4162e-06],
  [-0.0188717, -0.0169774, -0.017436, -0.0299369, -0.0216798, -0.0268019, -0.0221395, -0.0214353, -0.0242222],
   [-3.00876e-07, 1.30474e-08, -1.07037e-09, 6.37979e-08, 7.00143e-09,  9.30535e-10, 2.36029e-09, 2.02287e-09, 3.7348e-08],
    [0.185777, 0.199961, 0.167756, 0.0834653, 0.0704894, 0, 0, 0, -0.0451729]] ,
  "GH_border_angle" : [[5, 15, 25, 35, 45, 55, 65, 75, 85]], 
  "DeltaAngle": 10,
  "StepSize": 1,
  "max_d": 500,
  "min_d": 20,
  "VUVGroupMean": 13.5,
  "VUVGroupMax": 21.7194836278923,
  "angle_bin_timing": 45,
  "tau_fast":6,
  "tau_slow":1300,
  "scint_ratio": 0.3,
  "Distances_landau": [[20, 40, 60, 80, 100, 120, 140, 160, 180, 200, 220, 240, 260, 280, 300, 320, 340, 360, 380, 400, 420, 440, 460, 480, 500]],
  "Mpv1":[[2.42653, 3.47639, 4.56213, 5.6563, 6.88886888, 8.17701693, 9.40446188, 10.5, 12.00399106, 13.26065051, 14.43164457, 16.14445637, 18.00247545, 19.8008684, 21.59126955, 22.70877703, 24.8765, 26.8713, 28.4459, 29.22631542, 31.29810915, 33.68749749, 34.49888527, 36.87638631, 38.83061361],
  [2.57530694, 3.65498052, 4.76693438, 5.62376689, 6.88886888, 8.17701693, 9.40446188, 10.55087528, 12.00399106, 13.26065051, 14.96571284, 16.40432517, 18.00247545, 19.8008684, 21.59126955, 22.69257219, 24.79257219, 27.39929068, 29.19801432, 30.4346232, 32.52865135, 33.68749749, 34.96707396, 37.29929936, 39.023354]],
  "Norm_over_entries1": [[2.30207, 1.43599, 1.06465, 0.800104, 0.60344741, 0.4524691, 0.35670544, 0.287219, 0.2420945, 0.20189513, 0.17357464, 0.15542911, 0.1417068, 0.12901386, 0.11973669, 0.10995821, 0.10727, 0.0998892, 0.0987589, 0.08801661, 0.08497633, 0.0844696, 0.07927445, 0.0769224, 0.07389544],
  [1.95656569, 1.51750074, 1.14246486, 0.82002433, 0.60344741, 0.4524691, 0.35670544, 0.28529065, 0.2420945, 0.20189513, 0.17770681, 0.15840516, 0.1417068, 0.12901386, 0.11973669, 0.11203132, 0.1013348, 0.09965533, 0.09407799, 0.0906579, 0.08636203, 0.08292145, 0.07995421, 0.07732617, 0.0793454]],   
  "Width1": [[0.405132, 0.715057, 0.794829, 0.801921, 0.91809635, 1.08362321, 1.18470236, 1.24019, 1.49942309, 1.64501386, 1.73148413, 2.11828066, 2.60549293, 3.03728779, 3.44599235, 3.48106687, 4.04596, 4.62975, 4.67271, 4.68289077, 5.24792862, 5.64741, 5.81401534, 6.56762674, 7.15636693],
  [0.405132, 0.715057, 0.794829, 0.79364367, 0.91809635, 1.08362321, 1.18470236, 1.2584553, 1.49942309, 1.64501386, 2.0376486, 2.24672272, 2.60549293, 3.03728779, 3.44599235, 4.07610696, 4.6576231, 5.0151109, 5.47651764, 5.663023, 5.9421471, 6.00607494, 6.07154964, 6.81048944, 7.576845]],
  "Norm_over_entries2": [[4.33424, 2.54351, 2.2766, 1.58996, 0.95430689, 0.57181117, 0.46803775, 0.393179, 0.29903106, 0.24370628, 0.20063657, 0.16672473, 0.14433451, 0.13006406, 0.1205768, 0.11263477, 0.10367, 0.100851, 0.0951923, 0.08834885, 0.08269245, 0.0807862, 0.07580457, 0.0711996, 0.07340463],
  [4.33424, 2.49891227, 2.27300607, 1.30869072, 0.95430689, 0.57181117, 0.46803775, 0.39121557, 0.29903106, 0.24370628, 0.18929091, 0.16390257, 0.14433451, 0.13006406, 0.1205768, 0.11313906, 0.1099021, 0.10070831, 0.09453016, 0.0913918, 0.08420473, 0.08174702, 0.07516402, 0.07005652, 0.0730193]],
  "Mpv2":[[1.03714, 2.00353, 2.06978, 2.38434, 2.99998031, 2.98329836, 2.98016387, 3.20985, 4.19367485, 6.18020639, 8.81552314, 12.14976923, 15.58995328, 18.31715997, 20.14110958, 22.20097885, 24.6279, 25.9483, 28.3386, 31.13365044, 34.32510721, 36.0084, 39.07766887, 42.28579215, 43.35914617],
  [1.03714, 2.00353, 2.35654548, 2.99841883, 2.99998031, 2.98329836, 2.98016387, 3.00355199, 4.19367485, 6.18020639, 10.15218086, 13.11891358, 15.58995328, 18.31715997, 20.14110958, 22.29081567, 223.891647, 25.92787348, 28.50242642, 30.123346, 32.47647839, 34.06688792, 39.55717389, 43.03439706, 45.6574456]],  
  "Width2": [[0.437868, 0.618856, 0.865159, 1.26165, 1.92012288, 3.15970414, 4.02486644, 4.87484, 6.17726712, 7.17385398, 8.16326006, 9.1261957, 9.88137648, 10.62151363, 11.41571545, 12.06539693, 12.9497, 13.368, 14.0301, 14.78020489, 15.35464201, 15.6605, 16.37449006, 17.08670431, 17.65828025], 
  [0.26490919, 0.55768921, 0.80338542, 1.30258629, 1.92012288, 3.15970414, 4.02486644, 4.95934088, 6.17726712, 7.17385398, 8.20359991, 8.94174676, 9.88137648, 10.62151363, 11.41571545, 11.96574798, 12.565432, 13.37161568, 13.99810043, 14.6982342, 15.65199129, 16.16268843, 16.36651, 17.12778883, 17.555082]],
  "fWion": 0.0000236016,
  "fWph": 1.94e-5,
  "fRecombA": 8e-1,
  "fRecombk": 4.86e-2,
  "fLarqlChi0A": 3.38427e-3,
  "fLarqlChi0B": -6.57037,
  "fLarqlChi0C": 1.88418,
  "fLarqlChi0D": 1.29379e-4,
  "fLarqlAlpha": 3.72e-2,
  "fLarqlBeta": 1.24e-2,
  "EF":0.5
}


